,A,B,C,D
2000-01-01,-0.374862153505,-2.3323213345,-0.909627364315,-0.624351891876
2000-01-02,0.279535106979,-4.53572850027,-0.205997679206,0.330566698681
2000-01-03,0.222263353998,-5.2253892253,-0.762329846503,0.700625716294
2000-01-04,0.477505973953,-6.02176059788,-0.836413645638,1.68364442227
2000-01-05,0.153062794622,-6.46316059615,-0.163963745046,1.62172158378
2000-01-06,0.546361006207,-6.33332147134,-0.790293235243,0.693512871798
2000-01-07,0.270588395219,-6.36547688565,-2.11082717148,1.43341828107
2000-01-08,0.945930622596,-6.45335701887,-1.87567981014,3.24885875721
2000-01-09,1.26865482283,-6.05346575205,-0.867543374337,3.46070912471
2000-01-10,0.467834108632,-4.15831744914,0.865047821317,4.92103817486
2000-01-11,0.139618949536,-4.83104882369,1.8984375573,4.31097977802
2000-01-12,1.63230970973,-5.25072508227,1.35451531488,3.89845086302
2000-01-13,1.94444241113,-5.40781534516,1.46595004507,4.22657306799
2000-01-14,0.0794088955523,-4.4287469607,0.0419892072525,2.74852963078
2000-01-15,0.259218197286,-4.89535159316,0.408666057613,4.67982026084
2000-01-16,0.968626166216,-3.44295671665,-0.452943474286,3.61052474665
2000-01-17,1.61505494142,-3.20546494643,0.312585972335,3.37167517845
2000-01-18,2.59318619532,-2.63649798795,0.751906103931,3.32949128808
2000-01-19,3.87512945023,-1.30565685445,-0.830709227724,1.94343857068
2000-01-20,3.25852315714,-1.44176632,-1.41118902928,1.69912370968
2000-01-21,3.05571326167,-0.84178790804,-1.61498326208,0.983512619945
2000-01-22,2.40209677969,0.519745907026,-1.86834979613,1.43555149927
2000-01-23,5.08294110598,0.521778636882,-1.51455878999,2.08602304114
2000-01-24,5.03283748007,-0.729631945454,-2.01664317074,2.34212692122
2000-01-25,5.54223888135,-2.18195923371,-1.15383396715,2.04336015241
2000-01-26,6.17802988834,-2.50337791272,-0.490714621127,0.159804584053
2000-01-27,7.31885149378,-4.04083379821,-0.09144674463,0.976447999447
2000-01-28,9.01004995542,-3.43579552504,-1.13173331598,0.253991395318
2000-01-29,10.4133798543,-5.17606154465,-1.21550187874,1.00075415626
2000-01-30,9.86703225216,-5.5395465711,0.719687862389,0.70031721609
2000-01-31,9.53563313184,-5.10528486644,0.580138777109,1.93710281568
2000-02-01,10.7797954225,-6.06303628811,0.76786702904,3.51997123922
2000-02-02,10.7891502257,-7.56382727285,2.24150658136,3.45980133865
2000-02-03,9.15025477599,-8.33727984184,2.26736672001,3.50271590457
2000-02-04,9.66337940729,-9.04606732145,2.87129794402,3.29895403431
2000-02-05,9.55224142991,-9.12051665311,3.48075353483,3.86948730705
2000-02-06,8.17472907974,-9.86327283489,2.66807804274,3.73287119243
2000-02-07,8.17992673114,-10.1012588735,4.33728032028,2.39427501421
2000-02-08,8.80274932634,-9.51828163817,4.75812372837,2.46122338928
2000-02-09,8.59508874238,-9.4335309218,6.34977022631,4.17833374616
2000-02-10,8.12782641233,-8.9657645834,5.15678602361,3.44849418882
2000-02-11,8.71418673807,-9.53660533592,5.7296534171,1.24085444697
2000-02-12,7.37014283267,-9.65024222532,7.1248624689,1.29625976958
2000-02-13,6.09305902933,-9.74004958788,7.23302808476,3.04599664639
2000-02-14,6.33990774364,-9.74971399438,6.18147646995,1.45962159295
2000-02-15,7.85995548192,-10.8132770446,6.42367578306,2.84074600028
2000-02-16,8.75604062622,-9.61179635062,4.60009766172,2.72756536267
2000-02-17,9.43577541181,-7.92680050992,4.4412018214,1.57345606565
2000-02-18,8.57421696736,-8.46305139974,2.50872910621,2.16955194709
2000-02-19,8.20134357684,-9.67660453512,4.51601239806,1.58872002554
2000-02-20,8.93209526476,-9.98805686498,6.4455172,0.0450345483307
2000-02-21,8.02812050006,-9.4578448569,7.68825360023,1.51530533112
2000-02-22,6.63440715373,-8.63589583464,7.41213283664,1.24597485185
2000-02-23,7.33210871417,-7.24819530739,8.47781358168,2.07269573906
2000-02-24,8.7087937843,-7.41677287179,8.37720187597,1.7302741353
2000-02-25,9.6293351329,-8.64577574293,7.03763321181,0.93776869771
2000-02-26,10.5507192888,-8.61867083743,6.64810473662,-0.258819887836
2000-02-27,10.1247507087,-6.51898827387,6.44012083499,-0.799840538893
2000-02-28,8.3177924341,-7.05936373471,6.03878412272,-0.307064232442
2000-02-29,7.18119111992,-6.87085763354,4.61546533102,-0.778449326692
2000-03-01,9.50417009637,-6.95065297413,4.81283645938,-1.57231620711
2000-03-02,9.0744123628,-6.88724527125,5.21656027752,-2.05585113875
2000-03-03,8.00257633716,-4.90924200209,4.34910055184,-0.422735723489
2000-03-04,7.92542436929,-5.49887609636,4.52834210734,-1.85691431458
2000-03-05,8.77047149311,-6.8407602786,3.70718272134,-3.70412582993
2000-03-06,9.27121008894,-7.59897067116,3.55175228849,-3.26324834743
2000-03-07,9.10609132913,-7.77184097367,4.08678280532,-3.88980948221
2000-03-08,8.95229834707,-7.70496822636,5.03353398974,-3.87883859858
2000-03-09,11.0808355095,-9.20445057521,4.3065587772,-4.63215392254
2000-03-10,10.3794549225,-8.31176858699,4.44577038442,-3.55402980117
2000-03-11,9.94206372826,-9.62229093452,4.39759376926,-2.18657726214
2000-03-12,9.6559527085,-10.4308888602,5.18520807805,-3.27946441631
2000-03-13,10.1145118868,-10.5689312839,5.61709931914,-3.2855313929
2000-03-14,11.8256860129,-11.4581275754,6.64634852538,-3.18943928453
2000-03-15,12.2547130333,-10.8367585434,5.57109340327,-3.40854162785
2000-03-16,12.833095958,-10.6422739998,5.57583997388,-4.55938286804
2000-03-17,13.0120441367,-9.87276708463,4.59480946226,-3.0466740014
2000-03-18,11.7237620825,-8.52951081655,5.86145263984,-2.5028200219
2000-03-19,11.2878175825,-8.17194189987,5.689891918,-2.62003734791
2000-03-20,10.5557460189,-7.25718062766,5.26487370794,-2.32671961201
2000-03-21,10.3783149492,-7.38329067224,6.48958745711,-2.38058473194
2000-03-22,9.40359971899,-9.40561083148,5.78846550044,-1.2052146002
2000-03-23,8.54552264637,-10.9553416363,4.24769539592,0.49087989994
2000-03-24,7.81759328407,-10.305915277,2.71610139678,-1.09901503378
2000-03-25,7.30174735862,-12.1685597141,1.36913397534,-2.95538845997
2000-03-26,5.94608381398,-11.8312027927,-0.240936173271,-3.14810060185
2000-03-27,4.99686789789,-10.2246225138,-2.36507406178,-4.16362415389
2000-03-28,3.25401379166,-9.8613967292,-1.34963039145,-3.38597254668
2000-03-29,2.94338046302,-9.36045608512,-1.11853797475,-3.77635564491
2000-03-30,2.79555827663,-7.44265110425,0.135052775158,-3.35046864903
2000-03-31,4.84666555123,-5.99746969093,-0.366899088026,-4.10329338311
2000-04-01,3.39619650275,-6.46867044065,0.0531218294599,-5.85978744575
2000-04-02,4.4567463593,-6.41415706659,0.976268249619,-5.16945318704
2000-04-03,5.33052102976,-6.36883342007,2.34373627768,-4.7038993629
2000-04-04,5.52624205178,-6.91909374038,0.897102673121,-3.00636039323
2000-04-05,5.97154382809,-5.89620809311,0.426981557926,-2.88958398108
2000-04-06,5.4679265354,-5.7257432656,0.518094811423,-0.797920185441
2000-04-07,5.51547760875,-5.61315732512,0.0579441971756,-0.512616121309
2000-04-08,5.54887660137,-5.54482077264,-0.443353379799,-1.19408932063
2000-04-09,3.72516453043,-5.9016243084,-1.83816342399,-1.60090751048
2000-04-10,3.42863283286,-5.58789480068,-1.92248578873,-1.9409917799
2000-04-11,3.36745357914,-6.98385914267,-2.4808925344,-4.32353554214
2000-04-12,2.84194704428,-9.10476475758,-3.38687262815,-4.54607081528
2000-04-13,1.69294624692,-10.1801746901,-3.30436226955,-4.73172739363
2000-04-14,2.41384328605,-10.1388590255,-1.70526062397,-6.57864269713
2000-04-15,3.79703895833,-9.12235211396,-1.55262351823,-6.52057533607
2000-04-16,3.90464619769,-8.0605115355,-1.66942991107,-8.24920779664
2000-04-17,1.86445509208,-8.71146669142,-0.864667902174,-6.58642824591
2000-04-18,3.61842697584,-10.4051155004,-2.60672915954,-5.7407572809
2000-04-19,2.16479407374,-9.53167568217,-2.72268705419,-5.21908705286
2000-04-20,1.52719461197,-8.54952899162,-2.36879065568,-4.80692883771
2000-04-21,1.81318807042,-8.90169407323,-2.55247039235,-4.20404836816
2000-04-22,1.24960766758,-8.38690869315,-3.58137160182,-3.6866700058
2000-04-23,1.01172183377,-9.5786802473,-3.28301612828,-4.37068776795
2000-04-24,0.341767427969,-9.65838326258,-3.05992861572,-4.45769372788
2000-04-25,0.930112162166,-10.024554143,-3.28763936385,-4.32946982186
2000-04-26,1.80092470558,-10.922200838,-2.68026978974,-3.90132831243
2000-04-27,1.76450076048,-12.0124136508,-2.44250655757,-4.28798698393
2000-04-28,2.3132335816,-11.6769256478,-2.93080924642,-5.07118699066
2000-04-29,2.17753322253,-10.2358422386,-2.90719708199,-7.38954420924
2000-04-30,1.53283158388,-11.2179182572,-1.58256143964,-6.36898706381
2000-05-01,-0.022556522975,-11.298143328,-2.20013896703,-6.12110356718
2000-05-02,0.066922659092,-9.44984185086,-0.227678079432,-6.49732612
2000-05-03,1.7755607608,-8.29589365004,0.481237361586,-5.409004147
2000-05-04,2.62948183859,-7.22409212613,0.43373262674,-4.44285316898
2000-05-05,3.17781908887,-8.43589127509,0.21256683861,-4.26461985984
2000-05-06,5.18750315208,-8.7535832556,1.12402078838,-6.59683421632
2000-05-07,6.3611841858,-8.77242196576,2.32540929822,-6.020232525
2000-05-08,5.90078861562,-9.40183125907,2.1217054919,-8.78644002139
2000-05-09,7.65867169064,-9.83414618029,3.57503305981,-7.97533730722
2000-05-10,7.71213549089,-8.94649861957,4.12171829331,-7.22931646786
2000-05-11,9.72429760107,-9.74862614989,3.83879132694,-5.55197867009
2000-05-12,9.8123174921,-9.17993109965,5.33543568004,-5.31884342063
2000-05-13,9.72776209697,-8.99439813519,5.65186335862,-6.14661634902
2000-05-14,9.84072522263,-9.10980280997,5.75896082692,-4.29536560936
2000-05-15,7.94349198284,-10.4630559149,6.77310557192,-3.06779847559
2000-05-16,8.60608831063,-10.2805170543,6.6141874493,-2.5346115133
2000-05-17,9.04101138047,-9.79407826248,6.8932688839,-3.7230351527
2000-05-18,9.58646292206,-6.89698182254,6.60555637622,-3.9224457503
2000-05-19,8.75855035937,-5.30498494625,7.02073407194,-2.30664348558
2000-05-20,7.06138679236,-4.24117757485,7.24808849411,-3.95687562528
2000-05-21,6.98982984386,-3.55810533424,6.56042422696,-2.77848775423
2000-05-22,5.16449201756,-4.77850328107,5.05975433212,-3.80296039078
2000-05-23,6.97260043077,-5.81176881182,3.67549374368,-5.33545569127
2000-05-24,7.09730076688,-6.7502255096,6.36806641418,-4.99099446462
2000-05-25,5.78235031254,-6.99382102511,5.50154212472,-4.05142972647
2000-05-26,6.48937634488,-8.71471753121,5.10936387944,-2.74699166563
2000-05-27,7.0608145619,-7.92152322134,3.99727415721,-2.62873649318
2000-05-28,8.19459438612,-6.28934720008,4.35704621839,-3.42117634107
2000-05-29,7.99791476269,-7.15801199659,3.48622116424,-3.61705046331
2000-05-30,7.01483632103,-7.13779172666,4.1635076291,-3.93475098082
2000-05-31,6.67592349311,-7.75939301152,3.58689221271,-3.90674425983
2000-06-01,7.30391743287,-6.25259399378,2.25418746562,-3.87383160586
2000-06-02,5.20530782714,-6.83619890683,3.24720660857,-5.20819365906
2000-06-03,4.73053737704,-8.05390449699,2.84529957273,-4.58876558485
2000-06-04,4.85078789264,-8.50876092784,3.39040109085,-4.95951166823
2000-06-05,5.15460550152,-8.07635925793,3.28562758002,-4.12937014555
2000-06-06,6.52067144729,-6.78347997274,4.15136548813,-3.82617843545
2000-06-07,5.21913759962,-8.17515698679,4.87178354756,-3.81681260685
2000-06-08,5.79924800401,-6.95534598623,3.02081309064,-4.13201407628
2000-06-09,7.67312303712,-6.74855073079,2.09666606377,-5.17170904371
2000-06-10,9.65795341803,-5.93914825057,1.7839593076,-4.55030674106
2000-06-11,8.14634144867,-5.96537655998,0.952311821788,-4.09638286228
2000-06-12,5.58571874397,-5.26927756752,0.671681032562,-4.51273563846
2000-06-13,5.31393712322,-5.33915745681,1.5344865098,-3.93400440315
2000-06-14,6.73276103478,-5.95879017694,-1.01232231484,-2.2865429128
2000-06-15,8.30152439985,-5.53424460227,0.0428972407223,-1.41098810099
2000-06-16,8.49873070026,-6.07430138131,0.480091327126,-1.96155444859
2000-06-17,8.87995523952,-7.13634121644,0.884302255452,-1.28137975702
2000-06-18,8.48884091167,-7.23532704159,0.657562193185,-1.07421121283
2000-06-19,8.37065837622,-6.67082294068,2.51098390235,-0.0806671766544
2000-06-20,7.3631720483,-6.36252683206,2.02380997362,0.312615978468
2000-06-21,6.32553384621,-5.99849135398,1.16141020994,0.361633037713
2000-06-22,7.49562976102,-7.021965472,0.919775911637,1.23101900128
2000-06-23,7.62347066088,-5.78072003697,2.22370992657,2.92741113369
2000-06-24,7.83092695876,-5.61960687324,3.37635582397,2.47274367324
2000-06-25,8.28796720547,-5.74572491487,2.98042703416,1.79059514595
2000-06-26,7.927470573,-5.84984080572,3.31893547031,1.3107698598
2000-06-27,5.79979917665,-5.86558900672,3.14718107935,2.31845484282
2000-06-28,5.01342636708,-6.34502122681,1.67755471434,2.86450018256
2000-06-29,5.09707055201,-6.60034292966,2.34473138877,2.98216431065
2000-06-30,4.84845463797,-7.49318003621,2.49950080199,3.01027472599
2000-07-01,5.26115164958,-6.65002547187,1.90509009657,3.08428713456
2000-07-02,6.0373847374,-7.85261897599,2.01119242337,3.78519403847
2000-07-03,6.39288215517,-8.60215954275,3.08154531281,3.21925223795
2000-07-04,5.33709691964,-8.21321782189,2.1280018902,3.36585078314
2000-07-05,5.61944347135,-6.3653729032,2.5464432841,3.2355782453
2000-07-06,3.97008094891,-6.35257200288,2.55201664174,2.92422572124
2000-07-07,2.04140865177,-6.01683487598,3.66229751238,2.78510744674
2000-07-08,1.8655168099,-7.15089306389,3.03913036769,3.11380884514
2000-07-09,1.13712173312,-9.68677369643,3.70735061886,2.81181049524
2000-07-10,1.62199349315,-10.6634619341,3.92406565905,1.49509906096
2000-07-11,1.42966237982,-11.0743614617,3.77021774444,0.612401274198
2000-07-12,0.230917142682,-10.938437082,4.19680498306,1.57459135739
2000-07-13,0.861994344642,-11.7313691311,4.62129439913,3.27107958624
2000-07-14,-0.434885909723,-11.1182630413,5.29271638298,5.35192155549
2000-07-15,-0.592913668535,-12.0576646231,6.01444605435,7.22737886998
2000-07-16,-0.823620930567,-10.6052129851,5.39347342521,8.79695134738
2000-07-17,-0.327704458963,-11.5324429037,6.04071181441,10.0227990555
2000-07-18,1.19651877425,-11.7424383596,5.90670180061,9.37730478775
2000-07-19,1.12645690336,-12.2533256465,6.51016605422,8.16871644748
2000-07-20,1.3025108149,-12.6418335222,7.85790183485,7.15424793255
2000-07-21,0.619190010041,-12.4612573527,8.56957789605,6.78367818369
2000-07-22,1.34082654158,-13.4793858366,7.04694752735,6.58487005359
2000-07-23,1.78967055332,-14.5420705051,8.45835248077,6.70232017806
2000-07-24,1.00575996108,-12.7679154629,10.3095712248,7.24160551473
2000-07-25,-0.900836834276,-11.6390664417,9.13374056378,6.1067070166
2000-07-26,-0.528011762379,-10.9469393952,9.6117239687,5.13356944524
2000-07-27,-0.632123575508,-10.0431433687,9.97894562547,4.25581515517
2000-07-28,-1.27424008054,-9.79467055359,10.7509729771,6.303966501
2000-07-29,-1.53340956752,-9.82233878531,10.4958097093,8.30489131226
2000-07-30,-1.03421239911,-8.39268674204,10.0010523827,9.51158519099
2000-07-31,-0.527304623956,-9.1814925674,10.6373174772,10.3196739449
2000-08-01,0.268013812257,-9.33948015737,10.8158795654,10.2197137699
2000-08-02,-0.132326940887,-10.1463434482,10.8304760391,9.35076287102
2000-08-03,1.41086978256,-10.6200115923,13.1913030697,9.75982690097
2000-08-04,1.4298075182,-10.4900447899,11.668740673,9.19828257899
2000-08-05,1.66028650169,-9.47535564397,14.8719209877,10.3360064187
2000-08-06,1.49557883025,-9.7715332916,14.995024671,11.1560150831
2000-08-07,3.18962500156,-9.2227323531,15.0177952126,11.3555758425
2000-08-08,4.27907409321,-9.53576445097,15.5245221941,10.1934849128
2000-08-09,5.12457661166,-10.7624013387,14.6178870017,10.2616678392
2000-08-10,4.89466274148,-10.4368795516,13.9673113659,9.86817336924
2000-08-11,5.36764978144,-11.5978340827,13.1719774076,10.0086906742
2000-08-12,4.38279311256,-10.8031426661,14.2464481946,11.0952970834
2000-08-13,4.57339177315,-10.5959042409,14.3802828536,11.7528044951
2000-08-14,3.78999219782,-9.92033540032,13.6062576723,12.1070818421
2000-08-15,5.05687621101,-11.267631761,12.1459979988,11.3073381018
2000-08-16,6.87455239136,-8.76019865529,13.6267729472,11.7876050825
2000-08-17,8.03270394029,-7.66478269182,14.6321802341,11.5309578792
2000-08-18,7.18048787817,-7.073755103,13.8579240902,11.9999218066
2000-08-19,6.92805089695,-7.1893803295,11.0321392507,12.9516457826
2000-08-20,7.27085918068,-9.27343371431,12.7371109601,12.8924989708
2000-08-21,7.01865451937,-8.40625236117,13.2535217671,13.5168643907
2000-08-22,7.36573325959,-6.52352203179,14.3883617876,13.5712102573
2000-08-23,7.27564600314,-5.26130222531,14.3489368128,11.8247864113
2000-08-24,7.1993163202,-3.60488553281,13.0330277152,9.96749071088
2000-08-25,8.86316087174,-4.19135749904,10.8625830756,8.46256519157
2000-08-26,9.53185990221,-3.7715418662,9.99965124145,8.61811338127
2000-08-27,9.94344499061,-5.28125346164,9.58860897679,9.76721220015
2000-08-28,9.0109908048,-5.26397268081,9.51120783786,10.5376100852
2000-08-29,10.0545700613,-4.58160603538,10.3283415067,10.0319560233
2000-08-30,11.0739258622,-4.71194171204,9.52108915562,11.7093029546
2000-08-31,10.3720444319,-5.21468389803,9.86350939379,12.7461537307
2000-09-01,9.64004198674,-4.14244522465,8.59418670556,12.7402552078
2000-09-02,10.413729022,-3.67798251177,7.74089509597,12.2207268496
2000-09-03,11.0852491873,-3.33351361795,6.88841041443,13.3284793811
2000-09-04,11.8152951627,-4.81011203948,6.69093530764,12.9184702394
2000-09-05,14.0534620785,-5.87339662359,6.98689860872,13.4615605845
2000-09-06,15.0335714291,-4.73378967167,6.78181350069,13.3215661665
2000-09-07,17.1507085859,-2.14449683502,7.48292118988,11.8620398003
2000-09-08,15.4791526455,-1.47578606972,6.75726937731,11.7448433444
2000-09-09,15.3891988596,-2.06542964408,5.72431369147,11.6949207475
2000-09-10,15.0920953146,-3.8088674491,4.85788702352,11.6069940949
2000-09-11,15.8764336938,-5.09119453657,4.33833772285,11.3796328618
2000-09-12,15.5834676015,-5.21017678174,4.20039824304,11.0038491666
2000-09-13,15.3911419539,-5.54211507614,3.33395524441,11.4412350758
2000-09-14,13.7472892078,-5.0566955447,4.16589892634,10.6576971846
2000-09-15,15.2606881524,-4.81534090439,4.04700365842,12.3626616734
2000-09-16,16.4573046315,-4.35286260301,4.23263158892,13.2084827493
2000-09-17,16.3028945527,-2.84604810195,7.02217977633,13.2033503335
2000-09-18,15.692090846,-2.47928582299,6.52725710285,12.1030588005
2000-09-19,15.2601216814,-3.39750684909,6.38642491947,14.2008742999
2000-09-20,13.7494296561,-2.69497873867,6.81012087466,15.1606745502
2000-09-21,12.4711490921,-0.809306873909,6.02154485388,16.8063817495
2000-09-22,14.1091385502,-2.35893944458,6.27165012351,19.3123143128
2000-09-23,14.4309927244,-3.6306451963,3.83146961541,18.557872733
2000-09-24,15.2946716869,-3.17551172652,3.09097156401,19.4440046019
2000-09-25,15.1505216655,-4.57561429747,0.941492260808,18.996810249
2000-09-26,15.1038963231,-4.94031735911,1.15190232798,19.0728301621
2000-09-27,13.7707201458,-4.2199441403,0.594807691077,19.3897298878
2000-09-28,12.5807821854,-5.39762350847,-0.240980986461,19.7305799231
2000-09-29,13.6165007836,-6.9183759016,0.0432623793867,20.5207073372
2000-09-30,13.8419854618,-7.34383333324,-0.113488716975,21.2254957592
2000-10-01,14.9989129717,-8.6757082095,0.743145127131,22.1565474177
2000-10-02,13.168939764,-8.0970575861,1.03374529694,21.7867285896
2000-10-03,13.9917005784,-8.06866079062,-0.623991640559,21.896835867
2000-10-04,14.1849179535,-7.56693515559,-1.7932642088,21.7641409231
2000-10-05,12.9240370808,-8.11214152276,-3.54997254534,20.8219606603
2000-10-06,12.3122421372,-7.85850983679,-1.85090917462,21.5741695194
2000-10-07,13.2101834391,-10.0712590652,-3.36379882326,20.823984168
2000-10-08,14.3750615039,-11.4659071742,-5.52370534362,20.7004721558
2000-10-09,15.261893515,-10.8087451534,-4.67327211777,20.0963861044
2000-10-10,15.6828072894,-11.6961841509,-5.84291939567,19.8599965655
2000-10-11,16.7376740168,-10.3829866285,-5.47863857026,19.4512051566
2000-10-12,17.1859210137,-8.77161350626,-2.12423280975,19.0929363246
2000-10-13,18.3229266764,-8.95860618314,-2.29835297662,18.92602256
2000-10-14,18.2370128527,-9.90815654326,-1.67523883068,19.1205251321
2000-10-15,20.5244088069,-8.39555904101,-3.71630518256,18.6858584104
2000-10-16,21.7967968605,-6.95585004626,-3.77433859332,18.9489783831
2000-10-17,21.354015236,-7.86820097434,-3.56833581468,19.3727599117
2000-10-18,20.8908674418,-8.07406796515,-4.61503011889,19.1612465965
2000-10-19,20.9733503973,-9.83148492491,-4.199445734,20.8513098571
2000-10-20,20.8181613337,-9.47147430447,-3.50361520294,21.0685616152
2000-10-21,21.213605436,-10.5481264915,-4.22176226225,22.1428589439
2000-10-22,21.437110225,-11.5831838752,-3.64096852328,22.0613981013
2000-10-23,22.3370274581,-13.6896903329,-4.16807319919,22.0461902142
2000-10-24,23.7129454045,-13.5436552437,-3.30536730799,20.7492017328
2000-10-25,24.0758703788,-13.1973778714,-2.10317743338,21.3482228829
2000-10-26,23.1184071567,-11.8755448229,-2.36117346387,22.2776143409
2000-10-27,22.4795786583,-11.7262949239,-3.31835990213,23.9762772213
2000-10-28,22.5280836065,-9.36482723804,-3.21865087387,24.1632311061
2000-10-29,21.3947913277,-9.97059840364,-1.27604652809,23.9776883896
2000-10-30,22.4542598684,-8.30191244997,-2.06569335378,23.9216761815
2000-10-31,21.7224064982,-8.11958981266,0.333002188185,24.1837623233
2000-11-01,22.2229152513,-7.82850386515,-0.587270463338,24.0081600837
2000-11-02,22.0073873081,-8.26705356763,-0.559305197822,23.0423164823
2000-11-03,21.7836686422,-7.98241178707,-0.564551802833,24.6474132953
2000-11-04,22.963288402,-8.53207975486,-2.98007462594,23.9568978624
2000-11-05,23.4936332364,-9.22290077755,-4.63716413159,23.2768996328
2000-11-06,23.1270719737,-9.53278842262,-4.58411647452,23.9658057781
2000-11-07,21.9882330905,-11.0977436529,-6.03697341891,25.1610282783
2000-11-08,22.4623988247,-10.2301216671,-7.15524521704,25.0584835781
2000-11-09,23.031854047,-9.73478114472,-6.67759603304,25.2442698105
2000-11-10,23.2788447881,-8.16352258843,-7.01626306321,25.4028164301
2000-11-11,23.6848817172,-7.09366390639,-6.46248181462,24.9578987063
2000-11-12,22.7128513884,-4.96263377903,-5.1080293014,24.0965563518
2000-11-13,22.1926968365,-5.40532091034,-5.84957779027,26.2485544899
2000-11-14,21.8532445288,-7.64015253149,-4.94850146417,26.9531796856
2000-11-15,22.3376440328,-9.17211376209,-4.45271937692,27.3609472871
2000-11-16,21.6220248224,-8.71765844361,-2.76553556288,29.0331936798
2000-11-17,23.0160984587,-10.7977432691,-2.33096295639,27.3299302516
2000-11-18,22.3442366719,-11.2459294824,-2.03074908091,27.9413204212
2000-11-19,21.7506425408,-9.94441625978,-2.26306804053,27.9950253942
2000-11-20,21.5591415468,-9.99817700789,-3.22182627529,28.4280592327
2000-11-21,21.4720721204,-8.96443519055,-3.42736251246,28.7832920679
2000-11-22,20.9589121047,-7.94465395217,-3.88201210837,29.1760501111
2000-11-23,19.6866020224,-7.58309237184,-3.55290120265,28.3395345282
2000-11-24,20.6397611109,-6.94918888001,-3.02655274134,27.7747426873
2000-11-25,22.2093013581,-8.45718742755,-2.94886082417,26.5060367112
2000-11-26,22.6045854542,-8.74179002569,-3.30579353458,25.9467708304
2000-11-27,22.2156511943,-9.37714464933,-3.27556064638,26.5656411718
2000-11-28,20.5860716963,-10.1925121953,-1.13399416895,25.7040935114
2000-11-29,21.1596153594,-10.5747753584,-2.30648427438,28.2415737743
2000-11-30,19.8164570855,-11.7885503611,-3.65154198472,29.5755274035
2000-12-01,19.4877216532,-12.4922540901,-4.1855639706,27.9993707036
2000-12-02,20.1857663327,-13.0933350062,-4.07354019069,27.1819114836
2000-12-03,20.0878638402,-14.9952667999,-4.16621787767,27.5769513279
2000-12-04,18.1175423888,-13.7987299043,-5.39088748078,29.4295528799
2000-12-05,18.1620549957,-12.3111969779,-3.88374372523,30.8428235963
2000-12-06,18.8524712611,-11.8865659674,-4.84646780635,30.5196010615
2000-12-07,19.2839805528,-11.0764160318,-3.90536729931,30.2011468139
2000-12-08,19.3877810955,-11.2426840414,-3.15341856259,30.7846475657
2000-12-09,17.3277610368,-11.7428969788,-3.08437783479,31.4008676428
2000-12-10,17.4709261251,-11.1655379231,-2.09155743878,30.6429060889
2000-12-11,17.4177254676,-12.0086081833,-3.08685762667,30.7870666538
2000-12-12,17.5341043582,-13.6512720466,-4.40092772409,29.3012605457
2000-12-13,17.3719563959,-13.5336338293,-5.24443309735,29.4747964641
2000-12-14,16.4203494341,-14.4695627527,-4.71180555184,29.5083642596
2000-12-15,18.5109058742,-15.9147413934,-5.02266297871,29.4014730346
2000-12-16,18.1162110279,-15.4540040249,-4.94770972962,28.8725195446
2000-12-17,19.0232213995,-13.0381693787,-5.49307331664,29.3227240319
2000-12-18,20.3168760171,-13.8786564386,-7.52281097249,28.6346912607
2000-12-19,20.2334856408,-13.9062930111,-7.04834422563,29.338672167
2000-12-20,20.8363267822,-13.646345664,-7.20094508605,30.9155620371
2000-12-21,21.0501843886,-12.569583753,-7.24625999146,31.587202684
2000-12-22,21.870544463,-11.5472996385,-8.40806900248,29.5465028253
2000-12-23,21.7781796609,-11.3533656958,-9.5569269249,29.0736692299
2000-12-24,23.611366307,-11.1999659599,-10.1319166956,30.7142974022
2000-12-25,24.0931871608,-11.2243330654,-10.9302234291,30.763965914
2000-12-26,22.9319543328,-10.4070018481,-12.3080216213,30.439041338
2000-12-27,23.5214282366,-8.77749701292,-10.7668342873,29.6350978848
2000-12-28,22.630109399,-7.84704832465,-11.0663635545,30.4299649573
2000-12-29,23.6775511908,-7.00212644416,-11.1423865954,30.6456997141
2000-12-30,23.5279730908,-7.24616139125,-11.9382259147,29.1089754065
2000-12-31,25.1074606094,-6.82746187311,-10.5173881485,27.6683140043
2001-01-01,22.598042271,-5.58612211982,-11.5048330731,27.8191569236
2001-01-02,22.9259832425,-6.5212475092,-11.3730775904,29.3598621208
2001-01-03,22.1526861243,-5.18586348876,-12.4605213864,27.5350103766
2001-01-04,21.9620001073,-6.07786965462,-13.5253194007,27.5678911517
2001-01-05,22.6259657237,-6.1904779891,-14.1221236575,26.6668524959
2001-01-06,21.3522939007,-7.27291067809,-14.2882088697,27.3542236344
2001-01-07,22.126678406,-7.75697787225,-14.8906651396,27.520888383
2001-01-08,20.9156390244,-8.81287993333,-15.1876197411,29.6541725407
2001-01-09,21.8304713343,-10.6726016739,-13.1197695784,30.542453069
2001-01-10,19.13646379,-12.9776792606,-13.7257780953,28.9384157487
2001-01-11,19.8369129799,-11.5366812672,-12.3945565026,30.7020058204
2001-01-12,20.4310700072,-11.5603535674,-12.2478602898,30.1490138308
2001-01-13,19.5991489659,-12.249564641,-12.9986980839,28.0694744626
2001-01-14,20.3387716012,-12.3363085128,-11.8835363532,30.5090803767
2001-01-15,20.8844490525,-12.0523030844,-11.3910625999,31.866858423
2001-01-16,20.6696683814,-11.4511528811,-11.3232123484,31.5424232349
2001-01-17,21.0521626578,-12.6257654212,-11.4397720383,32.0334607519
2001-01-18,20.9211063481,-11.8568907843,-12.1901617446,32.4152938804
2001-01-19,20.4180214341,-11.3859117753,-13.9991507124,30.7425780851
2001-01-20,21.3072094549,-11.7852098854,-16.2917772697,30.6662946144
2001-01-21,21.8215379047,-12.8180506501,-16.2980864383,30.594234212
2001-01-22,21.2794839033,-13.6048851167,-13.8706524,31.883944885
2001-01-23,23.7633970584,-12.2187696458,-14.1369811512,33.3013963965
2001-01-24,24.1241838934,-12.8013096224,-13.2622935094,35.5284671051
2001-01-25,24.5414976145,-13.6383071516,-11.2702086613,37.0742453248
2001-01-26,23.9946964225,-14.3936372768,-10.6318321431,37.1507838803
2001-01-27,25.091058264,-13.6811622156,-9.70156892786,37.7382056097
2001-01-28,25.4754075561,-14.3413329392,-11.4886697942,37.7438991006
2001-01-29,25.4085762479,-15.268167121,-9.97841311569,37.8823884839
2001-01-30,25.9807880035,-15.5283919491,-8.73158458189,38.2509872851
2001-01-31,27.1693206564,-14.9821647741,-7.18977446007,37.774332475
2001-02-01,25.302737504,-15.0400745574,-6.74656435803,36.2356384042
2001-02-02,24.3175354907,-16.5683963969,-6.40680750206,37.4805767056
2001-02-03,24.3082442682,-17.4876593723,-7.75262327784,37.713052855
2001-02-04,25.3883614163,-19.0235141132,-7.88044539379,38.2299389741
2001-02-05,24.3724890108,-17.75769634,-6.78799983775,39.0251922038
2001-02-06,24.8288564959,-17.355950626,-8.15596400145,40.2552433183
2001-02-07,26.0826419899,-16.8983888526,-7.88580889321,38.8200063178
2001-02-08,25.4651686421,-15.0745069772,-6.49947291619,39.6793230385
2001-02-09,24.1459172719,-17.151208004,-4.48348722039,40.0262085826
2001-02-10,23.9326317789,-15.8553973811,-5.92554097896,39.3666874334
2001-02-11,23.6582311588,-16.2315425429,-5.47988037809,40.0659786838
2001-02-12,23.9089414854,-16.2894213675,-6.96277743995,39.8453946741
2001-02-13,23.6437808232,-14.5684030365,-5.94416646127,39.8760280288
2001-02-14,23.7446199175,-14.6037017912,-6.32219942925,38.6540995296
2001-02-15,24.4133805154,-14.5296982751,-4.23355287888,38.5785583511
2001-02-16,25.4316629699,-14.4655597821,-2.85616139964,40.0845753467
2001-02-17,25.3707728665,-15.2614573451,-4.79196317973,39.040519638
2001-02-18,24.6772871863,-14.8358144866,-5.25916479438,38.8876841896
2001-02-19,26.2342216257,-13.6003794917,-5.41546134411,38.1481179535
2001-02-20,23.9702865525,-12.2952309595,-3.76483761832,39.2193021747
2001-02-21,23.5036807426,-14.2471193626,-2.46424917126,39.3806814449
2001-02-22,24.3620762472,-14.0528000842,-1.21451219307,41.2538339757
2001-02-23,24.0436428597,-13.1442348394,0.86409554643,41.1162459578
2001-02-24,24.7566731862,-13.0951489551,0.817998875786,41.3202763721
2001-02-25,25.1253876875,-12.0177190311,0.5331826883,41.8871623158
2001-02-26,24.2903552699,-11.537010343,-0.56273853962,41.661695688
2001-02-27,23.3286511928,-11.8993544391,1.33923756194,41.9156213039
2001-02-28,24.6628435638,-12.2538853801,-0.185639036171,42.4749358056
2001-03-01,24.0099347952,-12.3346356562,-1.54198316788,42.4815237067
2001-03-02,22.9323042801,-12.7973903422,-0.96753253334,42.8359798808
2001-03-03,22.9759701808,-12.562519828,0.183956663719,42.9892013273
2001-03-04,23.2528632518,-11.7609062463,0.137930870084,42.8493982694
2001-03-05,24.1662418131,-12.1650264062,-0.531571712195,41.4710137368
2001-03-06,24.1536843839,-11.7959495323,0.562910498316,41.0812549463
2001-03-07,22.1389101474,-13.9759478316,1.13481977184,41.957131243
2001-03-08,22.211974446,-14.6645414961,1.74941229024,43.2037569096
2001-03-09,22.6174049911,-14.3826008563,2.25317616041,41.7440355057
2001-03-10,22.8445225102,-15.1786007636,3.42337252247,41.4347663278
2001-03-11,22.8888543255,-16.9185830238,1.83490721849,42.6830818111
2001-03-12,23.6992883615,-15.5336353809,3.32706940581,41.9769775014
2001-03-13,21.6606020004,-15.7260651805,5.26836322441,41.3475051036
2001-03-14,21.1036389488,-17.0481412984,6.74550291468,41.0058359243
2001-03-15,20.4875462705,-17.1313607974,6.77061231684,41.6629639387
2001-03-16,19.3374355491,-16.545011911,7.4993226225,41.039189528
2001-03-17,19.4010743622,-14.5417766607,8.14383665244,40.6484994302
2001-03-18,20.0664202106,-13.6439431304,7.66798369611,41.9302668264
2001-03-19,20.6206268588,-12.5508625264,7.66946185303,40.951486471
2001-03-20,21.5379868951,-12.3208528237,8.21214603568,41.8699650415
2001-03-21,21.9642056336,-13.3317835842,10.2178305221,41.2237770266
2001-03-22,21.1093701966,-14.5101300061,8.77685504719,39.7698347228
2001-03-23,20.2439447488,-15.1659281377,9.30489175127,40.1576283641
2001-03-24,19.8140785948,-12.8877173527,11.2243658279,39.6219037356
2001-03-25,19.8323007127,-12.64501915,13.8781756039,38.1879161703
2001-03-26,19.8826328563,-13.8850194924,13.7553322647,36.861928746
2001-03-27,20.6637534206,-13.8782677514,13.3567379305,35.67018434
2001-03-28,19.0596351299,-14.2144680752,15.5549164624,37.4177456113
2001-03-29,20.9383634758,-14.2905034327,14.6112928456,38.4764125665
2001-03-30,22.5316628289,-14.391859886,14.6849965504,38.856560195
2001-03-31,23.2717030206,-14.4336914771,14.2534035403,38.4436663929
2001-04-01,22.4213025347,-14.4633988566,14.0368561998,38.602980148
2001-04-02,22.9112706019,-15.3619598717,12.5628326644,39.665049984
2001-04-03,22.3501068644,-15.2921545174,13.0200530818,40.5648633867
2001-04-04,22.8762718217,-15.3597806132,13.9123231816,40.3778046911
2001-04-05,23.2893947932,-15.2139818429,13.573474922,39.654458807
2001-04-06,23.7969924216,-13.7573693103,13.5711279684,41.2887351049
2001-04-07,24.3679357577,-13.4031761048,14.212144562,40.9099586134
2001-04-08,22.1003850106,-13.3592234844,13.9087146231,41.756814764
2001-04-09,21.1495580431,-13.2796695791,13.5275365839,42.9556003716
2001-04-10,21.5352592914,-13.7298820734,13.3948294112,42.7210779236
2001-04-11,19.8316873256,-14.8585055736,15.3284012441,43.824681525
2001-04-12,22.2687566421,-16.0703757048,15.4735619987,42.3485727597
2001-04-13,22.3485879749,-13.6766254987,15.9155818479,42.1415534305
2001-04-14,22.5356393345,-14.4330695265,15.7505249489,40.8565326323
2001-04-15,21.922470236,-14.8540314174,15.917916139,38.5432586538
2001-04-16,21.9382233523,-15.5415616699,15.4106508027,38.700793219
2001-04-17,22.8107131007,-14.7405156644,13.5429558896,37.4636600586
2001-04-18,22.8238177524,-15.7724347751,13.6391966858,37.6754753261
2001-04-19,22.4903009754,-16.0452411505,12.9249272429,38.1664162253
2001-04-20,23.8263440773,-16.2991914167,10.057730617,38.2627689579
2001-04-21,25.1559723254,-15.9779691083,10.1692954197,38.4192905375
2001-04-22,24.9002676827,-17.7534752013,10.2122752201,37.4512994102
2001-04-23,24.8090849875,-17.7418750946,11.4539676517,37.7682228653
2001-04-24,25.124375629,-18.7300264603,11.9167711806,38.5234249974
2001-04-25,22.9683238777,-19.4276331492,11.9601986818,36.9456327211
2001-04-26,23.1549733251,-19.8645665271,10.9525140488,36.4070519379
2001-04-27,23.7012719318,-21.3174508069,9.69761256253,36.2625364923
2001-04-28,26.8777414799,-21.7549560565,10.3187947448,36.6265019611
2001-04-29,27.7927801409,-23.377648933,9.95626619974,36.5330095764
2001-04-30,28.4779782686,-23.126370768,10.164928933,36.4526242922
2001-05-01,28.7462223353,-22.4159468782,10.5009325155,38.3823517711
2001-05-02,28.1767913356,-21.267252338,11.2651175065,37.6778845025
2001-05-03,28.2387186457,-20.4675229362,11.2383920697,38.7253052363
2001-05-04,28.9480866468,-20.7634670005,12.3315794515,39.1679444053
2001-05-05,27.6180871562,-22.8062058921,13.3992467845,39.0484101413
2001-05-06,27.8904144398,-23.0288591741,12.4288010528,37.7929939005
2001-05-07,28.3610175112,-23.2812513455,12.6122047016,37.8279701906
2001-05-08,27.5644080623,-24.3695763421,11.1519517741,37.1005413198
2001-05-09,24.2018168962,-23.5694915628,9.60128337886,38.7290559982
2001-05-10,25.2132571543,-22.9814352828,9.43860981335,37.4819278904
2001-05-11,25.0893857219,-23.4356525321,9.00272665613,37.8025422953
2001-05-12,25.7840150521,-24.7078659137,9.4915028537,37.9294154533
2001-05-13,24.7193848066,-25.0583208833,7.80353460304,37.6445000498
2001-05-14,24.2462889557,-25.082895352,8.68039879147,37.0120505424
2001-05-15,23.5684015965,-23.9315321405,9.57268201566,37.5167073124
2001-05-16,26.0345144217,-24.1885104503,10.8760562444,39.1224545109
2001-05-17,25.450124505,-23.3616193755,11.1848471521,38.1787854858
2001-05-18,23.7340330688,-23.1462530173,11.2546355116,39.4169718075
2001-05-19,25.6062409459,-22.4749894875,10.8607144327,39.5494441095
2001-05-20,25.7370037392,-21.5855217467,11.5790018081,39.5061493578
2001-05-21,24.8245537528,-22.1175065606,11.1087781168,41.0437437586
2001-05-22,24.8932066647,-22.1388612254,11.3122737529,41.2301824075
2001-05-23,24.941442575,-22.6058254987,10.865396242,41.0141475715
2001-05-24,25.0355139045,-21.5685627388,10.6928577492,42.5185210016
2001-05-25,26.4811569691,-19.9066484672,12.0988300619,41.6923881251
2001-05-26,25.8385271379,-18.3209046823,12.3539962116,42.1697279567
2001-05-27,24.9286850249,-16.0666016727,10.8012928591,41.4885992084
2001-05-28,25.0719160056,-15.6572847777,11.4507433074,40.6137608005
2001-05-29,24.0581616734,-17.739363433,10.6110174565,41.3664549254
2001-05-30,23.4570565609,-18.1901405184,10.6243756285,42.0196484259
2001-05-31,23.3273218866,-17.459902458,11.4948509623,43.3255013519
2001-06-01,24.1546412651,-17.2413152685,12.3405384089,43.195063628
2001-06-02,23.6187647056,-17.2014618651,12.5495743489,44.7602480885
2001-06-03,22.0326701468,-17.7501372421,13.9209545244,45.0821679698
2001-06-04,22.7554420648,-18.5286985033,14.0955040663,45.5954857568
2001-06-05,23.4718600915,-18.6677574952,14.3672821981,45.920237441
2001-06-06,23.5478379458,-19.0344839136,13.8071367098,45.2423692568
2001-06-07,23.3742955094,-18.7941058878,14.4288748531,45.6514795538
2001-06-08,21.1392719907,-18.6026530304,16.5902339366,46.1237663123
2001-06-09,20.179541682,-18.8769190076,16.3392484146,46.9595899308
2001-06-10,17.7599932251,-20.4903301875,16.3334638049,45.9031986619
2001-06-11,18.926270909,-21.3519506028,16.7874551156,45.5200494091
2001-06-12,19.0282179177,-21.7135851689,17.4412135835,45.7945422811
2001-06-13,18.1860040129,-19.7047235322,18.24983363,46.3843326243
2001-06-14,20.4965253118,-20.679026256,17.6479356058,47.1967219348
2001-06-15,22.3480411209,-20.3406818764,18.1465482955,48.6421494272
2001-06-16,23.3039689365,-21.3020891595,18.7431351568,48.2812518729
2001-06-17,22.886912612,-22.687337442,18.9012623731,49.376948492
2001-06-18,23.6222331943,-21.25069167,18.5408602688,47.573596752
2001-06-19,25.9928485383,-22.1694799502,19.3535137326,49.4829220588
2001-06-20,25.2950152242,-23.0814797008,20.0052287868,49.4144513777
2001-06-21,24.6103821349,-24.4324679069,20.8551290195,49.516633268
2001-06-22,24.4123430036,-25.3756349159,21.5057180018,50.1228507409
2001-06-23,24.3084672502,-26.2361243915,23.3793586145,49.7219774899
2001-06-24,22.8450621054,-27.0964754366,24.0099114708,50.6178674387
2001-06-25,22.793939584,-27.0614068835,22.0804427999,50.6448775122
2001-06-26,21.9938222861,-25.3133574024,21.0668297269,52.7702226988
2001-06-27,22.6742240453,-24.2913088979,22.2789997817,53.1900358749
2001-06-28,22.0870407145,-23.1753646581,20.3991455898,53.7218031727
2001-06-29,21.9953979829,-24.3957337102,20.7097878619,53.6979800304
2001-06-30,22.0545300839,-25.4456063815,22.4434438453,53.1189280492
2001-07-01,21.2973855448,-24.235525269,22.5157494088,53.4388344335
2001-07-02,21.092849519,-26.0385230173,20.5668498756,51.9242085842
2001-07-03,21.0315757469,-26.9290740858,20.4484086529,51.3766910446
2001-07-04,20.5099041754,-26.0342795643,22.357338222,52.7670193912
2001-07-05,20.1705032275,-25.1177273155,24.0323946828,52.0119520039
2001-07-06,20.4034037263,-24.4273519497,24.294721482,50.7772971144
2001-07-07,18.6207042931,-24.8131165238,23.8341836087,50.0276283271
2001-07-08,18.3054338796,-27.0152644454,24.7305448987,49.9065883632
2001-07-09,17.2863616991,-27.4088937678,24.9673777739,48.9599684167
2001-07-10,19.2640000294,-28.420508558,22.6535694314,49.2952874478
2001-07-11,21.1150598442,-26.7845813864,20.2352305051,49.0440273564
2001-07-12,19.5504580552,-27.9175178188,19.5713701416,47.7603525097
2001-07-13,19.3979030981,-26.9871011819,20.6442035363,48.1505930376
2001-07-14,18.9830074347,-25.1866072806,18.893591844,47.4172323348
2001-07-15,17.9392464196,-25.71105344,19.7467682035,47.8133644722
2001-07-16,15.9891219049,-26.2468758531,21.1721977892,47.867805513
2001-07-17,15.8100032332,-26.2855903708,20.8104638951,46.1149894725
2001-07-18,16.9233774196,-24.9977012971,20.7115462164,46.6830929597
2001-07-19,16.1991016417,-23.115518402,21.2633116623,47.2742937591
2001-07-20,16.2999824293,-22.2405346503,21.8595652676,45.6367841418
2001-07-21,16.9194897702,-22.0909560989,21.8233026199,45.4762303807
2001-07-22,16.2272860156,-22.0480767406,20.9846420776,47.6461995279
2001-07-23,16.2246470215,-22.3585466983,21.3054114723,48.8031127155
2001-07-24,15.6448749988,-21.4913196691,21.7184913561,46.9394835799
2001-07-25,14.9497493908,-20.3585791406,21.4502161613,46.8251373874
2001-07-26,15.7106066289,-19.3327012057,23.5620119481,44.1876851439
2001-07-27,15.7267277499,-19.4384729591,24.5789427549,45.7939247885
2001-07-28,16.2276641463,-20.3501290405,24.123974153,45.3472015986
2001-07-29,16.3625012885,-20.1583358707,24.0992577982,46.6997071481
2001-07-30,18.3767057442,-20.8888492608,25.5325847628,45.8426367271
2001-07-31,18.1494431197,-20.5038936574,25.2979840247,46.2363994064
2001-08-01,18.1810963523,-18.9888600574,24.9903369779,46.6133784108
2001-08-02,18.1277438847,-19.657585389,25.4355011906,48.1117398238
2001-08-03,18.009974986,-20.0290396577,25.2485873382,49.2349111105
2001-08-04,18.4791391039,-21.42487915,25.9554100713,48.1169012568
2001-08-05,16.7636734545,-20.2053373059,25.3074433686,49.0657553119
2001-08-06,16.4139027314,-19.8156109607,25.0208306684,48.4509707763
2001-08-07,15.090351916,-22.0222892708,26.6973778507,47.5142982126
2001-08-08,13.7429794791,-22.4259400531,27.7374185325,47.6941706949
2001-08-09,12.5761475205,-22.3297500846,29.1852267328,46.2842708385
2001-08-10,13.7725972674,-20.7366694253,30.3063452991,44.5324813762
2001-08-11,13.862583449,-20.587874852,29.9439476052,44.6611968753
2001-08-12,12.276481598,-19.8299438105,31.4131716506,43.9704712798
2001-08-13,10.674117759,-18.940003464,31.1608773377,44.5574436678
2001-08-14,8.46910561454,-18.4928783121,31.3053975296,45.3545856664
2001-08-15,10.1986063256,-17.8084976271,31.3888904735,44.9721364567
2001-08-16,9.92575673562,-18.7239915794,33.0977841769,43.9218664847
2001-08-17,8.74392880189,-17.0382596385,33.9810499879,43.6845973575
2001-08-18,8.34935134934,-17.4393486481,34.1191727348,43.4616565958
2001-08-19,9.81817408579,-18.828217832,35.0178236314,43.9258995029
2001-08-20,8.73466074051,-18.3306594447,36.6291047096,43.8296761301
2001-08-21,8.44619939499,-18.1478601986,35.6450451611,44.6721307774
2001-08-22,8.84985506198,-16.8645780761,35.5458955325,44.9631990001
2001-08-23,9.24261646283,-17.4371233482,35.5405927138,43.1444914759
2001-08-24,7.93563871236,-18.7855185841,35.5748852336,44.1681612415
2001-08-25,7.04459722502,-20.0603936484,34.9359627917,44.4870485575
2001-08-26,7.01539455582,-19.9309109794,33.8069820258,45.0748582359
2001-08-27,7.45491954686,-19.6745218981,32.3257026323,45.6451696336
2001-08-28,9.20650181867,-20.0705277911,34.2751292325,45.5210930749
2001-08-29,9.8421542186,-19.3219786265,33.5047602054,44.9324301345
2001-08-30,8.81176421496,-19.1047385942,33.7021238421,43.7388793082
2001-08-31,7.8849544838,-18.7717391227,32.8841413048,44.6094444308
2001-09-01,6.58280092773,-19.1631195826,32.8962735402,43.6079530153
2001-09-02,6.86938793294,-21.4060645604,32.5673966175,43.9933075512
2001-09-03,6.77694681721,-20.6892627536,32.5832800602,43.6313918426
2001-09-04,7.40717147264,-19.4567195961,32.2131159002,43.2428773251
2001-09-05,7.95892676083,-18.9168495759,33.153430163,42.3806717915
2001-09-06,6.2336517063,-20.3441030959,32.6730163293,44.1845330774
2001-09-07,5.7223698835,-21.7496002161,32.2171920101,45.6260309889
2001-09-08,5.52371797438,-20.6715701618,33.8147617611,46.0089129027
2001-09-09,5.64305244369,-19.3924587131,35.4902403631,48.2054809791
2001-09-10,5.87006438068,-18.3032337831,35.4887517533,49.6032697089
2001-09-11,5.45034684632,-16.1241737755,34.8674093089,49.1975170897
2001-09-12,6.89714508323,-15.5276913427,36.8354597956,47.4417302148
2001-09-13,8.52281932779,-16.0191851517,37.5690903077,44.65899223
2001-09-14,8.29241308807,-16.8369689873,37.2827764788,44.9560276761
2001-09-15,9.88544164087,-17.0089619155,37.0445067063,44.2653828586
2001-09-16,8.63620070313,-18.680212403,36.0528649163,43.6422905359
2001-09-17,9.26633115315,-17.8583117375,35.3519247555,43.7873306941
2001-09-18,10.2704506452,-17.1603114277,37.239339446,42.8799545549
2001-09-19,9.65492477085,-16.9324055895,36.8913233416,42.111774995
2001-09-20,9.50540114199,-16.9023639976,37.4501765697,43.3553472899
2001-09-21,8.16952598593,-15.8149792798,36.5015523819,43.6387051698
2001-09-22,7.75459467017,-15.9144217408,37.1439160195,45.638809127
2001-09-23,6.52958325359,-14.2240370429,36.1935718536,45.1840703804
2001-09-24,6.44587461451,-13.791911226,36.604556207,45.1694089836
2001-09-25,8.40560451666,-13.059485128,37.3253260129,45.3075461528
2001-09-26,9.68681811933,-12.2647309058,36.749395752,46.01477232
2001-09-27,9.82263290708,-11.7022076951,38.9594323272,46.7257832202
2001-09-28,8.92633263192,-12.5713316963,39.7425883864,46.7255081715
2001-09-29,7.69724147044,-13.4721605205,39.5205723252,46.4749601977
2001-09-30,9.74574740672,-11.7865479747,41.4254170893,46.386482945
2001-10-01,11.2335463123,-11.9796821048,41.0936036381,44.8455476553
2001-10-02,12.2030482991,-12.4407459037,39.7446589804,44.8907376606
2001-10-03,12.8453014835,-14.7142785961,38.4987294657,45.2581904626
2001-10-04,12.2670835241,-14.791643343,38.9226968756,45.6103643756
2001-10-05,13.3345026288,-15.6391644622,37.5667471406,46.3518954302
2001-10-06,12.9098985185,-15.7346464533,36.2768746139,46.1509260898
2001-10-07,13.9665864847,-14.7291483334,37.6492923333,46.157789694
2001-10-08,13.2867906656,-15.6648821751,36.4885225932,49.2455932887
2001-10-09,14.4222123527,-15.3536423218,38.5594156853,48.494864799
2001-10-10,15.3059733736,-14.5393603438,38.4645603212,48.5897699409
2001-10-11,14.6162178957,-14.4740118423,38.866404855,47.6377469949
2001-10-12,13.4621382755,-14.7159533166,37.8236679713,47.2865414229
2001-10-13,12.5146506303,-14.7951431423,37.8770244944,47.5006998175
2001-10-14,12.1019716037,-15.3061653992,37.6966148582,47.2460244907
2001-10-15,11.8232517061,-15.1621862769,39.3198242925,47.4952358416
2001-10-16,12.4415952144,-13.4889112163,39.0780245879,47.6807735733
2001-10-17,11.2543491132,-12.8607761609,39.2757417826,48.3890657883
2001-10-18,11.9158260873,-11.087677665,40.2557008368,49.7819714325
2001-10-19,10.2398810859,-11.4925975702,42.6850790267,49.0986116974
2001-10-20,9.26615423236,-10.6005334986,42.4004903887,50.2963729078
2001-10-21,11.8159819588,-11.6693417751,40.9595795173,50.2765498778
2001-10-22,12.1796322322,-11.8708940265,41.3205689846,51.4037844331
2001-10-23,10.8375558614,-12.2669045488,39.1295257197,50.2023627104
2001-10-24,11.0561889164,-12.5463544563,40.1577660901,50.4377204983
2001-10-25,12.0356689257,-13.5877452955,40.5731344884,49.3849256269
2001-10-26,13.1998001292,-12.9166160644,40.7437680982,49.3668625216
2001-10-27,13.3509858122,-12.3421654446,39.1673062428,48.6211358317
2001-10-28,13.7033989502,-12.9092618765,37.8473169324,49.409725576
2001-10-29,12.3052355869,-13.6857212156,38.7525150224,48.4461116192
2001-10-30,10.525665572,-13.1538195201,37.2150329055,50.6870423475
2001-10-31,10.8185523561,-12.6694839521,37.5059712156,49.2711503295
2001-11-01,11.8963746385,-13.9016537792,36.5420943572,49.9902578469
2001-11-02,13.3446068277,-13.9254819005,34.965748196,51.1045137046
2001-11-03,14.4478826541,-13.2273255266,36.2559340376,52.2181203162
2001-11-04,14.3515775112,-13.9106812996,35.1968012149,52.5813468411
2001-11-05,14.7299370816,-15.4765638416,35.3103941747,52.6719279845
2001-11-06,14.0167508318,-15.3058539647,36.4701195912,50.6042864555
2001-11-07,15.0615912141,-16.9104406863,36.2108953862,51.0975132413
2001-11-08,16.0359345892,-18.7456160935,34.1226688916,52.5339297134
2001-11-09,17.6494829367,-18.4606860779,33.124731964,52.1421548462
2001-11-10,18.6965490506,-17.475927333,31.4080587099,53.3503601149
2001-11-11,19.4155830418,-17.1274891236,31.3304242725,52.7073561196
2001-11-12,18.9520098198,-14.5492353608,30.868894865,51.8986101752
2001-11-13,18.5452117482,-15.8334465099,30.9594423801,50.3120026196
2001-11-14,16.3756088497,-17.2965702901,30.6414109919,50.1958929367
2001-11-15,16.3260028727,-16.8038868414,28.2948653317,48.7949694579
2001-11-16,14.647374766,-16.5535459162,28.2643270244,48.9970771453
2001-11-17,13.904416926,-16.046694148,26.6474934565,50.5061292424
2001-11-18,14.8614100428,-15.0638107209,26.9380306657,51.2517913197
2001-11-19,14.5205284941,-13.5814009895,25.5474820692,50.4439897491
2001-11-20,14.6433568136,-13.6202408912,27.4471236147,51.9150204645
2001-11-21,13.763402674,-13.3166193181,28.4422091534,52.3058153556
2001-11-22,13.8282147537,-14.9377110884,27.4792766739,52.8404082047
2001-11-23,12.6147165785,-17.2042986452,27.0107237228,53.2385448316
2001-11-24,12.1701326973,-17.1508341313,26.4115854569,52.5015125073
2001-11-25,13.0233741367,-15.947653509,26.6643168155,52.7512000883
2001-11-26,11.5310172109,-15.831836804,27.8580207476,53.3046025182
2001-11-27,12.2479769679,-15.8862047059,26.787620308,52.1331736547
2001-11-28,12.1294234854,-16.1414211923,26.9228685564,52.1864104512
2001-11-29,12.6113260892,-15.9803339289,25.4554328827,52.1613225296
2001-11-30,13.9109243076,-15.0936535673,26.9933964246,53.751182861
2001-12-01,16.0506487754,-14.9916883655,26.9093744118,53.9539738073
2001-12-02,16.3670050841,-13.0238928484,26.9199430743,53.6598760474
2001-12-03,17.0791586049,-12.7308956993,26.8790199936,53.8551044923
2001-12-04,15.9771480672,-12.7389738533,25.1762518599,53.0096750765
2001-12-05,14.7403880485,-12.6524655214,24.4008786978,53.2320538216
2001-12-06,14.8371768276,-11.5549225321,22.9921590926,52.1489275364
2001-12-07,14.5417929659,-10.8421068741,23.1103508289,51.8951472371
2001-12-08,15.9712317082,-12.0812068288,24.9085907753,51.281337596
2001-12-09,15.6128957939,-11.4305224118,26.0834472171,50.0352319844
2001-12-10,15.0507567829,-10.6762658679,24.6037122835,48.9503477253
2001-12-11,14.4084549339,-10.2243902757,23.5764674018,48.9148011245
2001-12-12,15.0052555354,-9.90956286301,25.2046424889,49.095850075
2001-12-13,15.1281407633,-10.4420723792,24.2182518539,47.1929166411
2001-12-14,14.9689686343,-9.96043296217,23.915537968,46.5150772277
2001-12-15,14.8642160589,-9.82916827532,23.0383023492,46.0217152376
2001-12-16,14.3195070914,-8.7012785782,21.6916716042,45.8666873093
2001-12-17,14.9623561338,-8.83787481054,21.9021114008,44.8917791769
2001-12-18,15.1539400077,-9.93049966432,21.2254783014,45.1049166543
2001-12-19,17.9056282938,-11.5349248325,20.9690722896,45.9983866314
2001-12-20,19.2954554504,-11.7029279006,21.3997513935,45.4478018457
2001-12-21,19.4658949933,-12.5728172167,20.1838985818,45.9538865395
2001-12-22,21.2607305059,-11.8475829247,18.7133526565,47.0808568608
2001-12-23,23.2707979456,-11.0795447666,19.9046177136,45.699832392
2001-12-24,23.086840074,-10.7002059144,21.6173877924,45.0094940059
2001-12-25,22.6841096997,-11.2976566748,21.2439893183,45.6207839746
2001-12-26,20.4301912736,-10.9915321094,20.0490294305,44.5535911041
2001-12-27,19.0572526889,-11.3482367324,20.2660160479,44.3540816464
2001-12-28,20.979020087,-10.9425368691,19.9855065091,43.8599158324
2001-12-29,20.296484203,-10.9818443441,19.4779679915,42.3434768413
2001-12-30,19.6144626797,-12.3026389618,20.1993051133,41.4701742976
2001-12-31,20.3918695609,-10.9327763776,20.1246539712,40.6499702271
2002-01-01,21.7849764677,-11.8447957976,20.8656615686,40.5331495183
2002-01-02,22.2877865614,-12.8333160692,19.6638237005,39.7251406309
2002-01-03,22.8111987006,-12.651247542,18.6859683064,40.1321795229
2002-01-04,24.3183826976,-13.3922661716,19.2538616411,38.544822264
2002-01-05,25.7362253173,-14.0102180031,17.7716751203,38.7004892587
2002-01-06,25.1998256481,-15.2965099474,15.8591215441,38.728433131
2002-01-07,24.2331015822,-16.2989559711,16.4539060912,38.2696233104
2002-01-08,24.3767856448,-17.0915841045,15.6610525366,37.8983349529
2002-01-09,22.6181724329,-18.2570095249,15.1583592997,36.9794260074
2002-01-10,21.8372906489,-19.6141754283,15.8066336699,37.05996017
2002-01-11,21.986493962,-20.043703265,14.4870767673,35.965207816
2002-01-12,21.7840900012,-20.2580867017,13.8615792223,36.4629446438
2002-01-13,21.239392145,-20.4307929663,13.9084634262,35.9496772605
2002-01-14,20.814541637,-21.2997721535,13.3033045482,34.8758164151
2002-01-15,20.0462273422,-20.5013199868,14.9518234495,34.6828000942
2002-01-16,19.7139684231,-21.4491202488,15.2561570895,34.5567656252
2002-01-17,20.3206064472,-21.3553217713,14.925917465,35.3159420534
2002-01-18,20.1353299107,-20.9483722574,15.2632895577,35.9989765843
2002-01-19,19.2329208311,-22.7555356561,16.0797648096,37.0357703368
2002-01-20,17.5617389742,-22.8680960329,15.4463682058,36.3367938373
2002-01-21,19.1108661147,-23.1027854587,17.1046948457,34.5934671349
2002-01-22,19.866537037,-23.5629947704,17.1080534828,35.6149753143
2002-01-23,19.7902662714,-22.9896197245,17.0935228439,34.2943647615
2002-01-24,20.1313790282,-21.5911297637,16.7131865626,33.4989561591
2002-01-25,20.759850626,-21.0312085291,16.1648611197,33.8709584608
2002-01-26,18.4672358285,-20.8020483804,15.0636553892,33.4122534489
2002-01-27,17.6936396925,-19.3790419713,15.6349403852,33.7191011125
2002-01-28,17.4074626507,-20.5864973899,14.9658794466,32.9197473144
2002-01-29,17.4798221293,-21.587754555,14.3285302559,32.6768856817
2002-01-30,17.4660881437,-21.1483174584,15.0318383803,33.8409787118
2002-01-31,18.8841879701,-21.7685348565,14.1983696695,35.5861374876
2002-02-01,19.4042683716,-21.0824137161,13.2686335758,35.076647801
2002-02-02,19.5824215231,-20.8734015853,15.7417140857,35.0814000072
2002-02-03,18.0702014074,-21.7452849346,17.1521226003,35.0043390571
2002-02-04,17.9903240119,-22.4531386817,16.9929893173,34.0652545061
2002-02-05,18.662112676,-22.5995847915,16.2848000524,32.1970831895
2002-02-06,19.5871139702,-22.9069154802,16.1335466955,31.5074404033
2002-02-07,19.7824864977,-23.7877910301,17.7009722028,31.6536367111
2002-02-08,19.0330261444,-23.713073933,16.9545091571,31.5374829259
2002-02-09,19.945322443,-21.6332283743,17.716128434,30.0375644541
2002-02-10,18.3489146294,-21.0140255294,17.9900232058,31.989104637
2002-02-11,17.7439350021,-22.1527088238,17.9843846311,32.4238194027
2002-02-12,18.0610864724,-21.7417832188,17.797342586,31.6268159698
2002-02-13,19.2882911665,-23.234182323,17.0058321869,31.3644339263
2002-02-14,19.4697745168,-24.5421652085,17.2091221834,31.3937205084
2002-02-15,17.8752433684,-23.780105067,16.6731543833,32.3687421125
2002-02-16,15.8060725053,-23.5392003886,15.7789687838,31.0207402719
2002-02-17,15.6550256895,-23.3696514882,14.3065019102,31.3594612334
2002-02-18,16.9173458269,-23.058061942,13.6508415827,31.6188666771
2002-02-19,17.1426769336,-24.4265327942,12.7299248849,31.4313716525
2002-02-20,15.7261262979,-23.3647681133,13.7981837736,32.197916564
2002-02-21,19.3760558142,-24.0149212069,12.7650036995,33.0742632502
2002-02-22,17.5956326849,-24.42408744,11.985729117,32.6796321442
2002-02-23,17.2942090558,-25.3825477189,11.5217849046,32.7352575581
2002-02-24,16.9149327636,-25.828819167,11.8410894633,31.6050644819
2002-02-25,17.5716493148,-26.3848814524,12.0044975615,31.4221568935
2002-02-26,17.5123417675,-26.454489724,12.5916754565,31.6974204267
2002-02-27,17.1490363001,-27.2207875301,12.1187767928,31.2701694525
2002-02-28,17.5241242352,-25.9708504865,13.1709515082,30.6732466836
2002-03-01,15.1295414559,-28.9714327903,12.747679849,29.8467155846
2002-03-02,15.9274746331,-30.1018248164,13.0451360779,33.0889103527
2002-03-03,16.8751325636,-30.3804714619,11.8163366887,31.8958386661
2002-03-04,18.1856373996,-29.8162033439,11.7012142125,33.776328877
2002-03-05,18.8614778439,-30.820415479,11.9331302671,32.0655955496
2002-03-06,18.7004572109,-30.3573330346,11.5822521179,31.0617393984
2002-03-07,16.7397431369,-29.3019341849,12.5051573239,30.2099254828
2002-03-08,17.9325047952,-27.5610009994,13.0681962913,29.243214902
2002-03-09,19.6645682668,-27.5961514167,12.0762683863,29.9026451242
2002-03-10,21.463100818,-27.4150065936,11.9564653134,30.1263813947
2002-03-11,18.8332742491,-27.449618012,10.6982692652,30.1207679442
2002-03-12,17.3871429395,-26.0567554353,10.619161786,30.776567524
2002-03-13,18.7536445395,-25.5924561904,12.3613433317,29.2571818681
2002-03-14,20.4703717989,-25.1496369915,12.9836048053,28.6303347439
2002-03-15,19.1254890697,-25.3095253736,13.0815148779,27.6062745653
2002-03-16,18.2131236039,-24.6655118175,10.9179440129,25.8923613319
2002-03-17,17.9793883835,-24.7226776653,11.5112001691,25.4790251024
2002-03-18,18.0739867946,-25.2753601393,12.4012427176,25.5663670026
2002-03-19,17.6143220585,-23.5908060705,12.7113522299,26.9277036647
2002-03-20,16.9903629489,-24.9078745238,13.850140488,25.793599428
2002-03-21,17.7442306984,-25.3482428847,12.5718809938,26.7110792788
2002-03-22,15.8997874636,-25.4555242091,13.6379626213,26.5405388878
2002-03-23,15.9417173113,-26.6381533717,14.0162313969,27.4760983346
2002-03-24,14.6634335776,-25.713198121,13.7845004245,27.5780849775
2002-03-25,15.9929496943,-25.6502582802,13.7136424345,27.5607323892
2002-03-26,16.3808723844,-25.9417576842,13.245089107,28.6949155119
2002-03-27,16.955561226,-25.346902587,13.2162324173,29.1941890326
2002-03-28,17.4339882722,-23.6630325634,12.8208095761,30.0221008736
2002-03-29,17.9438717809,-24.0802537566,12.476367936,29.2434207121
2002-03-30,18.2722599991,-23.7922126925,11.7041239001,28.0669041035
2002-03-31,18.6351439645,-23.208495459,12.4311575822,28.6609737333
2002-04-01,18.2860768396,-23.0388587544,11.9174088467,27.3007366728
2002-04-02,19.0012233771,-22.2921818835,13.815385584,27.8938115386
2002-04-03,20.7635318009,-21.2180254625,12.8582781315,27.9621821314
2002-04-04,21.0846015525,-21.723452186,12.078292117,28.5542170641
2002-04-05,21.196495459,-22.580914635,11.8404241704,28.5910785713
2002-04-06,21.5542445541,-23.9809889776,10.6382420902,27.5085614229
2002-04-07,23.5401868042,-22.8537698289,10.0682638939,28.4460578731
2002-04-08,22.8777921389,-20.971681778,10.8763618284,28.5164854965
2002-04-09,23.9147138952,-22.4186344025,10.0948583992,29.416606936
2002-04-10,23.1406860603,-22.8243166384,8.75501055554,27.5695586062
2002-04-11,22.8425092464,-22.2276185273,7.9132897393,27.2415967962
2002-04-12,22.2103132298,-22.3820238869,8.75306843305,26.0341038665
2002-04-13,21.7535521067,-22.5562922719,7.47325300663,25.7532836023
2002-04-14,23.6609778475,-21.828094313,8.42534400694,27.2891484134
2002-04-15,24.0607509228,-19.9570280266,9.13096307442,28.1016675588
2002-04-16,22.450482353,-17.4922851097,7.37963984102,27.6169172418
2002-04-17,21.9399863096,-17.4798240961,6.66176476898,27.9604133199
2002-04-18,21.8104596462,-19.82956352,6.89674298964,28.1705314428
2002-04-19,20.411134758,-19.4209118079,7.99763085973,28.4733093726
2002-04-20,21.4926185953,-19.999070367,8.68203018608,29.1160551048
2002-04-21,22.8450338247,-18.3639993522,9.78653941443,28.3091117411
2002-04-22,22.7106750322,-17.1707675749,9.76536759184,28.8863350185
2002-04-23,22.3314935708,-19.3547772363,9.71015764125,28.4911423766
2002-04-24,20.1001247359,-20.724658205,9.7747005078,27.4110164276
2002-04-25,20.1136823234,-20.9818832471,10.7447824592,26.6160934151
2002-04-26,21.036601913,-21.4674958996,11.0381331995,27.6488737169
2002-04-27,20.1494155131,-21.0184282639,10.9337910868,27.0881970586
2002-04-28,20.1442861636,-22.0397332028,11.8118285589,27.1944732052
2002-04-29,20.2977277319,-23.2629666836,9.877612038,26.7543525509
2002-04-30,19.3159098614,-23.8076580885,9.67160135609,26.0583827217
2002-05-01,19.5186310062,-22.3703366131,10.3483431244,26.016386812
2002-05-02,18.1218969204,-21.7264023533,8.77107737591,26.399098373
2002-05-03,17.1687119816,-22.835092634,8.98349262575,26.7577080135
2002-05-04,18.1146999312,-22.2185532145,8.97595571713,27.0276249638
2002-05-05,17.4726608502,-22.1635978171,9.09234444661,26.1439686754
2002-05-06,18.4893417491,-20.6795986692,9.40591615048,24.5203131279
2002-05-07,18.6155947174,-20.6096084203,10.3310196737,25.3058649478
2002-05-08,18.2356380878,-20.2197911752,11.386719221,27.0444332888
2002-05-09,19.301197311,-20.2828596098,13.351366584,28.9291138579
2002-05-10,18.8141402862,-19.5970104122,13.1144342697,27.9011053941
2002-05-11,18.6368246276,-18.8601499501,12.8288240732,27.8679677064
2002-05-12,18.2770938747,-18.8336541032,12.6661484969,28.1200529918
2002-05-13,18.8367081992,-18.7194935965,15.0285746209,29.4466781673
2002-05-14,18.8783182428,-20.4710999665,14.355872247,28.7633909359
2002-05-15,19.1741595687,-20.5184837102,13.9386503766,27.8788047023
2002-05-16,20.3401359631,-21.3859342989,12.6649090058,26.3817534197
2002-05-17,20.5598107915,-21.618474,12.0854447696,26.7840657499
2002-05-18,20.5454148776,-21.3591535524,13.6276649219,29.1097560218
2002-05-19,20.3302823727,-21.4539275004,13.6932796153,29.1673242943
2002-05-20,20.6042170849,-22.1135888606,13.940631259,32.2411339748
2002-05-21,21.822677503,-22.0358284789,14.9307242923,30.9452952186
2002-05-22,21.4324751999,-23.5166262606,13.2348646089,30.4913755641
2002-05-23,22.5192922963,-22.9228368651,13.6278787096,31.6580371273
2002-05-24,23.3615888507,-23.0345359592,13.1535711269,31.9842642199
2002-05-25,24.3384099548,-22.3161668908,11.5745033179,33.2731750052
2002-05-26,23.8357887557,-24.2262951356,12.1804093705,33.6382937213
2002-05-27,24.8568291759,-25.6810535258,12.5451944119,34.1334543602
2002-05-28,24.6242769312,-25.7199451521,12.8817093816,35.5895548138
2002-05-29,25.7312231888,-26.2660344841,14.4666722903,35.5167959634
2002-05-30,26.6815764312,-27.4293749013,16.095294289,34.9714218365
2002-05-31,27.4589632398,-29.2335046343,14.055785476,34.2610996656
2002-06-01,26.2493916808,-27.5457063027,14.905488881,33.8511699128
2002-06-02,25.5431620782,-29.1314965066,13.9544818174,31.8157907854
2002-06-03,26.2887955602,-27.9939202916,15.1219927438,32.4699105102
2002-06-04,28.1497403956,-28.0372872039,15.2130863681,33.0286547532
2002-06-05,30.0204722795,-29.1229435494,16.0791949443,32.7252768449
2002-06-06,30.0426021043,-30.9465178629,14.6403129845,34.8292291155
2002-06-07,31.0582698536,-29.936560266,15.0264787669,35.9494895747
2002-06-08,30.5119588617,-28.7891734628,15.857964444,38.7765734223
2002-06-09,29.8093773259,-28.4944886817,14.8533635775,40.8299238201
2002-06-10,29.8588639477,-28.3665155462,13.5422279841,40.1349440997
2002-06-11,30.2809828953,-28.8179033816,11.8678006107,40.2820363998
2002-06-12,31.0815271953,-31.4981847417,11.9575147448,39.9318726959
2002-06-13,32.1682925899,-32.1782517039,9.98903936011,40.4307472117
2002-06-14,33.5098080005,-31.6481797096,8.92914976861,40.3837916966
2002-06-15,33.6692637899,-30.5570192997,9.95456983054,39.744626494
2002-06-16,32.2163697954,-29.8558512515,9.52505872764,40.9196907951
2002-06-17,31.7699391204,-29.5663735528,11.1143061046,41.6695264916
2002-06-18,29.3311419069,-30.5237861241,10.1687228523,43.4462399076
2002-06-19,28.3662708863,-30.5356405049,10.1000785916,41.8941429289
2002-06-20,28.84416056,-30.4875229794,10.3022433276,43.1875576045
2002-06-21,29.1061941421,-30.6770110036,9.08971627528,42.4377731511
2002-06-22,29.4548775546,-30.5293374842,8.3555842518,43.1212347411
2002-06-23,31.4614111893,-30.5672989809,7.89425863662,44.0824438751
2002-06-24,29.8323508188,-31.5667190594,7.54119433829,44.1032060822
2002-06-25,28.9815482544,-32.5511516926,7.84684337569,44.6241869611
2002-06-26,28.9513797069,-32.8819535884,7.99634204626,42.6966112083
2002-06-27,30.9015332441,-33.5177823238,6.93389071228,43.3299762387
2002-06-28,28.9740133169,-33.7412225338,6.68809874637,43.2567420973
2002-06-29,28.6565677965,-33.3962011306,7.13127752194,43.2477395806
2002-06-30,27.899381426,-35.0492937525,6.63453174982,42.4908629498
2002-07-01,27.8699342555,-34.2493111281,7.62090054408,42.1237622165
2002-07-02,28.6642778239,-34.9508046729,9.94743811986,43.5968318026
2002-07-03,28.1585878384,-35.2935079256,9.92297442959,42.3039902439
2002-07-04,28.3306509099,-35.5727930742,9.00429837093,42.0713741203
2002-07-05,29.0819450857,-36.6297607263,9.12157897012,39.5365572741
2002-07-06,30.1676014332,-36.9335011449,11.0324524443,41.3766555191
2002-07-07,28.3100646984,-37.7451933064,11.6582479468,42.3126763343
2002-07-08,28.0878413314,-40.4005646478,12.7775354822,42.5951721274
2002-07-09,29.5053749397,-40.8430272797,13.2740259211,44.0810418527
2002-07-10,29.5991880967,-39.6404982613,14.6847070261,43.2927278044
2002-07-11,27.2774048692,-40.7249541538,14.711842948,43.6541235767
2002-07-12,27.1420037318,-41.6552625478,13.6502845763,43.9132727514
2002-07-13,27.3040891032,-43.0425958721,12.0123212235,42.8451738459
2002-07-14,28.4453611443,-43.3093175649,13.0958483652,43.217166923
2002-07-15,29.0882107562,-43.1409872915,12.6864564967,42.7625594468
2002-07-16,28.9598313447,-41.877719501,13.4209036304,42.4912795563
2002-07-17,28.7724180935,-41.0173819771,12.3038955601,43.0133173157
2002-07-18,28.3449710984,-40.703164914,12.3781572506,43.3645963216
2002-07-19,29.8252015374,-40.4085200188,13.3312498874,44.6740947788
2002-07-20,29.9080591338,-39.1340759704,13.2622595235,43.1380969697
2002-07-21,29.639380745,-39.2117070032,12.3554225463,42.5381230837
2002-07-22,29.3532971366,-40.4231414034,12.5997101978,43.3158735085
2002-07-23,29.8061791967,-41.8123684185,14.7607536277,45.3325643983
2002-07-24,30.818343366,-41.4753944346,13.0458545926,43.8287130667
2002-07-25,30.7050719929,-41.4593339418,12.2879746549,44.2217091348
2002-07-26,31.3213593095,-41.0869777452,13.3019575962,44.4900770621
2002-07-27,30.3526886618,-40.6107417209,13.4102269256,43.3436250539
2002-07-28,32.2352165831,-38.8699110737,13.4718267889,44.3958506134
2002-07-29,32.0852956344,-38.5648169377,14.2832532855,44.7062388769
2002-07-30,32.3858876921,-39.0948207543,14.4369034771,45.8751780956
2002-07-31,32.4802306008,-38.7675094828,14.3599055495,45.3941973505
2002-08-01,33.7182072303,-37.5499599468,14.4363727833,46.3979189647
2002-08-02,34.1604013968,-37.2471819252,15.5556337708,47.1834624588
2002-08-03,36.1899505916,-37.0179996372,16.0939068346,46.6838281984
2002-08-04,36.2416614144,-38.5558103017,16.5506805098,44.0102448432
2002-08-05,38.4814936622,-38.8848045233,16.3159580857,45.1574486184
2002-08-06,37.0865518657,-39.6381577482,15.973484474,45.2277959169
2002-08-07,36.5201343874,-40.7728296702,15.8085024707,46.259606915
2002-08-08,35.7265033945,-41.0178887451,14.7841165325,45.9793574868
2002-08-09,36.3294295187,-40.7228880449,15.5651665621,47.1578047995
2002-08-10,35.9306816352,-40.69562472,15.5875735896,46.2480208447
2002-08-11,37.3897710949,-39.7257948666,14.8694211738,47.0204025632
2002-08-12,36.622730595,-40.6562269485,14.2046598954,47.5215942793
2002-08-13,35.5392183761,-40.52827956,13.9214594439,48.2559701471
2002-08-14,35.2499621904,-41.7273273135,12.8123930845,49.1708581382
2002-08-15,36.2469695404,-43.7751549831,12.4639032642,50.8252802638
2002-08-16,35.5451912526,-43.2736927014,12.5135782345,50.0324759477
2002-08-17,35.7751966599,-43.1930769461,15.033110535,48.7796246344
2002-08-18,35.3681187375,-43.7186680236,17.0190397572,49.2537584962
2002-08-19,35.0752383437,-44.1683107836,17.0997279041,49.4367929563
2002-08-20,36.5541201908,-43.6612544357,15.0746990269,49.1751040065
2002-08-21,36.4955697614,-44.4491445618,15.1796419301,50.7919626217
2002-08-22,36.6332672844,-43.7821792194,14.9004798271,51.2617311119
2002-08-23,34.5810356291,-42.8863243988,13.9403350746,51.0673133861
2002-08-24,34.8846374796,-42.9981137013,14.1550131962,51.3909439756
2002-08-25,34.2004405732,-42.9701710052,12.1832267415,51.4423085653
2002-08-26,34.264451795,-41.9707009089,12.3299334816,51.1493558566
2002-08-27,35.023017949,-42.6323673753,11.8169759455,49.6487643077
2002-08-28,34.538341852,-43.3170995576,10.1443159322,50.7138175581
2002-08-29,34.0242986252,-42.3706020412,9.83970763638,51.2915104214
2002-08-30,34.0098697014,-41.3353926229,9.33840582082,50.7738633594
2002-08-31,35.244687698,-41.9224336421,9.06016910154,49.2746159771
2002-09-01,34.4014482155,-41.6480573394,9.16151131685,50.3254504987
2002-09-02,35.8752024048,-42.6454945482,9.84671166769,50.3533014636
2002-09-03,36.2911800327,-42.8429571785,10.1739705747,50.114211014
2002-09-04,35.946824501,-42.3188690132,8.90361460443,48.8243545127
2002-09-05,35.30225911,-42.2325671619,8.34627343856,48.1716348209
2002-09-06,35.4316266147,-41.5802510849,9.26364802084,47.3970495266
2002-09-07,35.7677906476,-41.1250130319,9.51251391386,48.047541085
2002-09-08,34.8891181256,-40.4531683287,7.63703222615,48.8568255067
2002-09-09,33.8869881199,-41.4479630302,6.90182908036,47.7083463461
2002-09-10,33.5754310903,-41.0202753896,6.8811222867,48.6331795727
2002-09-11,33.6393174232,-40.5107802741,4.48542177307,47.9829887686
2002-09-12,33.9255946586,-40.2107623689,4.69268331944,44.6552739417
2002-09-13,32.8071554565,-42.3281562448,4.44866210774,44.3113454113
2002-09-14,32.5102169097,-42.7848403106,4.21759498854,43.050409791
2002-09-15,33.0574314849,-42.5167900767,2.81363065181,42.4222507544
2002-09-16,32.1090101385,-41.9166113706,3.28700484941,43.6434989181
2002-09-17,33.93753189,-41.8639426575,3.51966608994,45.1893906784
2002-09-18,33.1389657732,-43.0854473817,2.37163360782,45.0106904001
2002-09-19,33.3926594363,-43.5029594896,1.99515386346,44.2330502157
2002-09-20,33.5641797523,-42.4301552182,1.14569785008,42.4841556547
2002-09-21,35.5865901045,-43.6300361747,-0.59883776565,43.1842191169
2002-09-22,36.9469528134,-44.314294949,-0.178156401291,42.0254990897
2002-09-23,39.5500067834,-43.1281364625,-0.714877865523,42.9412335207
2002-09-24,39.973671514,-43.0064533418,-1.12094162204,43.0367720376
2002-09-25,41.5000448469,-41.888114617,-1.39959966929,41.8412814958
2002-09-26,40.3968815179,-42.2481240624,-2.43179814704,40.3893826203
